"Transcript","logFC","AveExpr","t","P.Value","adj.P.Val","B","signif","cluster"
"ENST00000265643",-2.00743052889365,5.45605491397993,-21.4820047840498,1.55875776451242e-08,0.000194062911608688,9.6469575075904,TRUE,"B"
"ENST00000620913",-1.39964922282211,4.79296546655887,-19.6936915247306,3.15361429405808e-08,0.000194062911608688,9.14529600688745,TRUE,"B"
"ENST00000310624",-1.23778971016406,4.3498351661932,-18.2482993725234,5.83956374335822e-08,0.000215608372532272,8.68192833601211,TRUE,"B"
"ENST00000347703",-1.16175364332451,5.20879748492294,-17.6231592250263,7.73484285400858e-08,0.000229650819044288,8.4632003725487,TRUE,"B"
"ENST00000465384",-1.03293505495885,3.61777954787633,-15.8630837682565,1.80163081916974e-07,0.000369554517252139,7.77910099909289,TRUE,"B"
"ENST00000409483",-0.904649598475031,5.19533333118534,-13.5909632765484,6.18076118766722e-07,0.000631688899408353,6.71773413236064,FALSE,"B"
"ENST00000258787",0.785111648105036,6.20907266657936,13.1682275966188,7.93867965906511e-07,0.000693423813625171,6.49389114074709,FALSE,"D"
"ENST00000594786",-0.87820814055065,4.36998507207161,-12.7611607114244,1.01741332857703e-06,0.000785077205250014,6.26947854917979,FALSE,"B"
"ENST00000526627",0.76628213220206,5.23132248129864,12.5975698350183,1.12638468176794e-06,0.000798777980126064,6.1767362751607,FALSE,"D"
"ENST00000267023",-0.902499672684769,4.58807925337644,-12.5353247647044,1.17121848954724e-06,0.000798777980126064,6.14105309255579,FALSE,"B"
"ENST00000580965",-0.885116657123843,3.99458839253573,-12.3800804949308,1.29196752875226e-06,0.000798777980126064,6.05109064721806,FALSE,"B"
"ENST00000578542",-0.88636395249473,5.15126591398866,-12.3373515531727,1.32759515690601e-06,0.000798777980126064,6.02608496981659,FALSE,"B"
"ENST00000318978",-1.16423375972292,3.42764762665493,-12.1619934672703,1.48573749148679e-06,0.000828329475620207,5.92233805910526,TRUE,"B"
"ENST00000249014",-1.62522995787474,2.74794268629311,-11.5421285977911,2.238560060431e-06,0.00108752782304254,5.54056383997461,TRUE,"B"
"ENST00000397572",-0.839994390155717,4.05117267431895,-11.26520599537,2.70575476104864e-06,0.00115560320988113,5.36205552580671,FALSE,"B"
"ENST00000568457",0.913765903107885,3.58607789191833,10.9539294884885,3.36510535547545e-06,0.001215098456129,5.15521060234098,FALSE,"D"
"ENST00000429029",0.810329914968533,5.65893987555233,10.8908370109701,3.51953759769247e-06,0.001215098456129,5.11246237357716,FALSE,"D"
"ENST00000368985",0.818949416046101,4.10716233372792,10.8624713858036,3.59152770454756e-06,0.001215098456129,5.09315120039245,FALSE,"D"
"ENST00000371732",-0.875104383416513,3.79998766880754,-10.8387351830517,3.65303015910603e-06,0.001215098456129,5.07694758437095,FALSE,"B"
"ENST00000361298",-0.811477772683117,6.12452368267922,-10.7562852344001,3.87595554257614e-06,0.001215098456129,5.02034841401976,FALSE,"B"
"ENST00000338401",-0.722618704573039,5.42905673720927,-10.7482024512808,3.89861247569605e-06,0.001215098456129,5.01477343395342,FALSE,"B"
"ENST00000400566",1.11738861636981,3.25858340585785,10.7396489251854,3.92274969425152e-06,0.001215098456129,5.00886860518506,TRUE,"D"
"ENST00000326739",-0.642349642880067,8.30245645087086,-10.6977019260476,4.04355473376381e-06,0.001215098456129,4.9798339391346,FALSE,"B"
"ENST00000621465",-0.684105399830839,4.37619953869358,-10.6850418214377,4.08082467255283e-06,0.001215098456129,4.97104571539287,FALSE,"B"
"ENST00000222690",0.670195494093662,4.5573854253268,10.6241382181051,4.26554723726689e-06,0.00123041043042475,4.92860416111002,FALSE,"D"
"ENST00000334815",-0.943005567875558,3.76664815013678,-10.5713089966937,4.43334025252583e-06,0.00125913683695199,4.89156771123513,FALSE,"B"
"ENST00000168216",0.77778803623167,6.62732728698685,10.1377143093417,6.12481014306808e-06,0.00144669226826577,4.57960741601796,FALSE,"D"
"ENST00000162330",1.28889110483824,3.53611521129607,10.082769598109,6.38631105617026e-06,0.00144669226826577,4.53903352268409,TRUE,"D"
"ENST00000357156",0.998686804708084,7.43075990506189,10.0571018497565,6.51271067745958e-06,0.00144856809417568,4.51999683913854,FALSE,"D"
"ENST00000296511",0.993260742880237,6.2428904272166,9.96317398295947,6.99955143001685e-06,0.00148528667483007,4.44988369197815,FALSE,"D"
"ENST00000309576",0.950959661362631,3.22401113770254,9.96316171376787,6.99961761065036e-06,0.00148528667483007,4.44987448702874,FALSE,"D"
"ENST00000448301",0.955635307989636,5.41577778954946,9.90877592195173,7.29993519408738e-06,0.00151420341143873,4.40895133219061,FALSE,"D"
"ENST00000309451",-0.530283935149212,6.85416796108446,-9.72749952644228,8.40929592017916e-06,0.00168743491285247,4.27079154940259,FALSE,"B"
"ENST00000301454",-0.623593999313778,3.89915453191691,-9.6268902002265,9.10508562042565e-06,0.00171655969812988,4.19292701418292,FALSE,"B"
"ENST00000582401",0.843147703117011,6.57805003779046,9.6089461380745,9.2357878509614e-06,0.00171655969812988,4.17894937789255,FALSE,"D"
"ENST00000368323",0.699840251796534,3.3508173857883,9.59471744715111,9.34091100603145e-06,0.00171655969812988,4.16784631833068,FALSE,"D"
"ENST00000576252",1.2763356980814,3.5713626418375,9.5933224840682,9.35128853370085e-06,0.00171655969812988,4.16675685671133,TRUE,"D"
"ENST00000480760",1.01375906958195,5.68659914279819,9.59228782591133,9.35899392862766e-06,0.00171655969812988,4.16594868453224,TRUE,"D"
"ENST00000391839",0.530296708996868,5.08192414991715,9.58763965623546,9.39369736181685e-06,0.00171655969812988,4.16231686577324,FALSE,"D"
"ENST00000256495",0.943294022880798,3.65106356857991,9.54817618648512,9.69416407580517e-06,0.00173751420391689,4.13140767254036,FALSE,"D"
"ENST00000264187",-0.647265423032861,3.61412950744824,-9.50572835621639,1.00293323491598e-05,0.00174671230658338,4.09801128372085,FALSE,"B"
"ENST00000306042",0.737854883872959,3.98020311000069,9.48920565523503,1.01632617909596e-05,0.00175349510208322,4.0849696686664,FALSE,"D"
"ENST00000480798",1.24900441092107,5.65440951017302,9.44004176188572,1.05736751706654e-05,0.0017908313516115,4.04602338958085,TRUE,"D"
"ENST00000355773",0.639276487796869,3.61706845443872,9.37707927168119,1.11264203925888e-05,0.00185032285793423,3.99583720312453,FALSE,"D"
"ENST00000494695",-0.718831787219778,3.99391620001369,-9.36511648465467,1.12350304537385e-05,0.00185032285793423,3.98626242208534,FALSE,"B"
"ENST00000331495",0.770778243920127,4.12547804326233,9.35797916635724,1.13003909224867e-05,0.00185032285793423,3.98054382408883,FALSE,"D"
"ENST00000575111",-0.529463213467901,4.83979165445027,-9.34012831215838,1.14657188658841e-05,0.00185674242090426,3.96622151383961,FALSE,"B"
"ENST00000409687",-0.714810556431835,5.52283422367495,-9.28603010113595,1.19833971580866e-05,0.00189081619602937,3.92264370476056,FALSE,"B"
"ENST00000219596",0.779547191423766,3.18825374132229,9.25135337355677,1.23288629572296e-05,0.00192884016146962,3.89457290051601,FALSE,"D"
"ENST00000370110",-0.681748383888087,6.0913678150706,-9.11660018441868,1.3780359783898e-05,0.00205160662879469,3.78445837938243,FALSE,"B"
"ENST00000322910",0.746435258760077,3.50194285765345,9.00088630592161,1.51791968594831e-05,0.00222399327954696,3.68857364305249,FALSE,"D"
"ENST00000538595",-0.700721348513361,3.23191898528072,-8.96851780062119,1.55982107157475e-05,0.00226739029939697,3.6615291668205,FALSE,"B"
"ENST00000258145",0.667167841972547,4.94281213479959,8.90366550659771,1.64769277239438e-05,0.0023562715084914,3.60704779692554,FALSE,"D"
"ENST00000492383",0.5990966467187,5.20828050108514,8.87394164198512,1.68979257820962e-05,0.00237271376022166,3.58194440895659,FALSE,"D"
"ENST00000340648",-0.702245792007247,4.23540109766801,-8.81181634079161,1.78169533055854e-05,0.00245461772368964,3.5292045338385,FALSE,"B"
"ENST00000498660",0.735734313479995,3.91125935836948,8.78511230325624,1.82289270960878e-05,0.00248230639371833,3.50642111218258,FALSE,"D"
"ENST00000621127",-0.626011971946525,4.15280315054979,-8.7814110686052,1.82868571337247e-05,0.00248230639371833,3.5032578674655,FALSE,"B"
"ENST00000432365",-0.643899100019185,3.6972778494927,-8.59721563871375,2.1445071239754e-05,0.00270920677757615,3.34415273996219,FALSE,"B"
"ENST00000348354",0.803945648908698,4.938374755479,8.58820182000829,2.1614464489625e-05,0.00270920677757615,3.33628121416614,FALSE,"D"
"ENST00000278840",-0.53172850876124,4.95701003306735,-8.58125077920801,2.17461065109207e-05,0.00270920677757615,3.33020555280612,FALSE,"B"
"ENST00000329421",-0.913431260508512,6.62400554932712,-8.52070053976266,2.29312041629178e-05,0.00274961767665797,3.27707721807055,FALSE,"B"
"ENST00000193322",0.692215833214945,4.1165576878016,8.48415512730104,2.36810450287763e-05,0.00280240879664256,3.24483375843463,FALSE,"D"
"ENST00000551094",-1.00669484487986,2.60097139291878,-8.42351555909033,2.49859868514041e-05,0.00281889995420304,3.19103516016901,TRUE,"B"
"ENST00000429504",-1.12468675391885,3.24846856484948,-8.42099365870826,2.50419583169546e-05,0.00281889995420304,3.18878969101152,TRUE,"B"
"ENST00000492356",0.485331914885556,5.62910817078169,8.35523766057279,2.65515786334471e-05,0.00292937822525453,3.13001233995825,FALSE,"D"
"ENST00000379965",0.579405812870809,4.85241355699661,8.34490603460578,2.6797817404936e-05,0.00292937822525453,3.12073694826138,FALSE,"D"
"ENST00000262428",-0.565693358429028,7.04066940302327,-8.34411399673207,2.68167986603118e-05,0.00292937822525453,3.12002543000193,FALSE,"B"
"ENST00000393099",-0.570047837118834,3.25750763424563,-8.30786120264674,2.77017624444886e-05,0.00299631271939523,3.08738894718832,FALSE,"B"
"ENST00000374023",0.488555147793713,4.88661325088942,8.30276972257674,2.78286224931521e-05,0.00299631271939523,3.08279448700883,FALSE,"D"
"ENST00000368170",1.04807371347122,2.73284835835958,8.23597295081064,2.95539788649293e-05,0.0031176914504312,3.02226902104703,TRUE,"D"
"ENST00000269593",-0.525255885148112,5.69364187197383,-8.22854776658631,2.97529816887082e-05,0.00312085110770024,3.01551224069302,FALSE,"B"
"ENST00000274276",0.764988927604306,3.75442641081497,8.12265188484489,3.27588536673649e-05,0.00336436844881564,2.91851799488212,FALSE,"D"
"ENST00000219066",-0.674856103336235,4.8512861060862,-8.07647239547351,3.41737902053096e-05,0.00344744448623071,2.875848200373,FALSE,"B"
"ENST00000453348",-0.911394253677606,3.734571163913,-8.00644418552098,3.64504008799972e-05,0.00357931303534908,2.81070621042942,FALSE,"B"
"ENST00000301458",-0.652075743394653,6.20832359416461,-7.96995003290237,3.77030311615871e-05,0.0036652458464577,2.77654858524187,FALSE,"B"
"ENST00000582743",0.649122311037996,7.41910703504566,7.95866517595551,3.80999678639627e-05,0.00367640262018466,2.76595696268176,FALSE,"D"
"ENST00000285930",-0.511043205629947,6.55073707979906,-7.93430924996668,3.89725383266098e-05,0.00367789066150001,2.74304993345713,FALSE,"B"
"ENST00000408294",-1.3114412822357,2.82685748037994,-7.90985307703345,3.98710209883022e-05,0.00368585610687985,2.71998338178662,TRUE,"B"
"ENST00000276570",1.25454761421916,2.61156717191734,7.88816633801021,4.06869724987703e-05,0.00368847097541852,2.69947402477539,TRUE,"D"
"ENST00000230990",0.646082759691729,3.29575741033793,7.84124878385253,4.25162339454224e-05,0.00381015628575943,2.65492632030404,FALSE,"D"
"ENST00000355285",-0.780046822975083,3.01541442602069,-7.8275750553581,4.30663547535309e-05,0.00384081147393688,2.64189743680375,FALSE,"B"
"ENST00000406875",0.550913671622566,3.72701780214283,7.80041754350432,4.41824727372678e-05,0.0039026441588646,2.61595905704725,FALSE,"D"
"ENST00000533400",0.70195790520826,3.44116868110035,7.77126576938528,4.54163061978674e-05,0.0039736039275774,2.5880244373275,FALSE,"D"
"ENST00000248437",0.657952458453886,3.6590674663268,7.72812993727611,4.73125565000758e-05,0.00402505578593502,2.54651496309059,FALSE,"D"
"ENST00000397041",0.54916120125316,5.20323549748224,7.69837990921341,4.86713786112505e-05,0.00412166202083622,2.51776453944768,FALSE,"D"
"ENST00000253692",-0.434381565899871,4.30766304191884,-7.67873635957868,4.95922394779439e-05,0.00416146515001055,2.49872614794476,FALSE,"B"
"ENST00000350690",-0.526139365671997,5.73734981464716,-7.65490373036694,5.0735453684629e-05,0.00420731912892797,2.47556892706215,FALSE,"B"
"ENST00000415083",0.492355857133308,3.63094106357271,7.64831405734945,5.10566735177e-05,0.00420784486522437,2.46915459826389,FALSE,"D"
"ENST00000312547",0.611704640051334,6.63794588981141,7.62557299515553,5.21826081566311e-05,0.0042625802176087,2.44698060747595,FALSE,"D"
"ENST00000269228",0.563709563565657,3.5968851003687,7.61894144278925,5.25160959381942e-05,0.0042709235555727,2.44050329019354,FALSE,"D"
"ENST00000491614",-0.596449593508845,3.31852571587062,-7.53356357429174,5.7026886569361e-05,0.00446150419565997,2.35665977257603,FALSE,"B"
"ENST00000355653",0.564699227056745,6.35260219110704,7.50525481983017,5.86158318093534e-05,0.00452764381185135,2.32867377086414,FALSE,"D"
"ENST00000558580",-0.636946076901295,4.65490347568493,-7.47511745473582,6.03614127661675e-05,0.00463601657119935,2.29877750249431,FALSE,"B"
"ENST00000368171",0.64533000534788,5.22344491521119,7.39231370057328,6.54605984979579e-05,0.00476036402099194,2.21608822422546,FALSE,"D"
"ENST00000371942",-0.495695646537203,5.15507955282177,-7.38819190044392,6.57265851805776e-05,0.00476036402099194,2.2119510112465,FALSE,"B"
"ENST00000455895",0.506385697770512,3.71084695515887,7.35905517305898,6.76412502191434e-05,0.004840019846107,2.18264791497398,FALSE,"D"
"ENST00000248668",-0.761089073164673,2.78814590792322,-7.35129116731984,6.81617912746083e-05,0.00485843563212565,2.17482256876657,FALSE,"B"
"ENST00000287218",0.47476094939172,3.82426686887542,7.34102131192876,6.88571510936673e-05,0.0048720877384742,2.16446055527899,FALSE,"D"
"ENST00000260356",1.38460327458627,2.59763781417338,7.34066892597911,6.88811494362042e-05,0.0048720877384742,2.16410478422613,TRUE,"D"
"ENST00000262097",0.977423561846941,5.89383127307176,7.29829081822984,7.18357388008842e-05,0.0050233317197088,2.12121146852482,FALSE,"D"
"ENST00000263856",0.458689403889629,4.62157727015364,7.28821259659224,7.25588245108765e-05,0.00503832415137074,2.11097907900968,FALSE,"D"
"ENST00000395833",0.420085897297919,6.27521169885017,7.25119709696137,7.52844199480201e-05,0.00511756021388982,2.0732925665506,FALSE,"D"
"ENST00000244204",0.798360763006717,4.28919249663308,7.24207584694194,7.5973294727062e-05,0.00513603796976234,2.06398060466121,FALSE,"D"
"ENST00000488034",0.515469946049876,4.6303384366534,7.23870562919336,7.62295868975073e-05,0.00513603796976234,2.06053737740269,FALSE,"D"
"ENST00000527974",0.705166236616504,4.12988664242287,7.1721129647708,8.14947287840084e-05,0.00533501485135312,1.99221959781188,FALSE,"D"
"ENST00000254806",0.487939484268837,6.28384564395739,7.15832470606825,8.26343597765168e-05,0.00537152435152915,1.97800667704203,FALSE,"D"
"ENST00000318507",0.538441337965852,3.09378900989311,7.11349632912834,8.64628745023311e-05,0.00554233029926227,1.93163673047742,FALSE,"D"
"ENST00000263563",-0.715248210986988,3.63748484597643,-7.0994609966797,8.77014867753095e-05,0.00557959210278577,1.91706798384513,FALSE,"B"
"ENST00000480182",-0.559328109916947,5.63186031896061,-7.03870909722563,9.32934427288764e-05,0.00573949416803666,1.8537264702303,FALSE,"B"
"ENST00000375887",0.785048274992544,3.53488890919436,7.02138599200534,9.49592455567949e-05,0.00574768076139013,1.83558102240025,FALSE,"D"
"ENST00000357066",0.688094610678245,6.55207062277187,6.92120131866651,0.000105260812107312,0.00603484426184187,1.72990393719948,FALSE,"D"
"ENST00000246024",0.539310399425853,4.40864886087586,6.91746644258868,0.00010566799374774,0.00603943291819516,1.72593988531583,FALSE,"D"
"ENST00000392456",0.499756942917822,3.249285193511,6.88610984685948,0.000109155884671813,0.00612118062925662,1.692589559192,FALSE,"D"
"ENST00000243389",0.523918229522033,3.19435382015819,6.81155372308905,0.0001179700387021,0.00641617162723679,1.61279059368423,FALSE,"D"
"ENST00000405510",0.511793863068924,4.53241369156825,6.74076693440679,0.000127069635694281,0.0066659465774639,1.53636624272351,FALSE,"D"
"ENST00000567411",0.451442497264196,4.48503298019226,6.74053205572515,0.000127101088525394,0.0066659465774639,1.5361115812191,FALSE,"D"
"ENST00000255320",-0.512980375547605,4.9454119643981,-6.73123492638757,0.000128352994705284,0.00671253437749079,1.52602565397569,FALSE,"B"
"ENST00000316519",-0.500076619578781,4.015855061165,-6.68273948885544,0.000135107413080335,0.00694768231998905,1.47323369301485,FALSE,"B"
"ENST00000252288",-0.53094263623519,6.70017568833158,-6.65825443310416,0.000138665732703705,0.00700980537364143,1.44646287727492,FALSE,"B"
"ENST00000319518",-0.673437951100877,3.3743501329376,-6.61354919797126,0.000145431969921574,0.00724643264174561,1.39738161216501,FALSE,"B"
"ENST00000261667",-0.658962852013192,4.04256775121056,-6.60772637013702,0.000146339721788854,0.00724643264174561,1.39096947069757,FALSE,"B"
"ENST00000342665",-0.453652124373288,3.65252551037012,-6.60708821478478,0.000146439586107729,0.00724643264174561,1.39026645765247,FALSE,"B"
"ENST00000393409",-0.556319787106718,3.32685055927407,-6.57821961359121,0.000151036669385358,0.00734168086326027,1.35840765290013,FALSE,"B"
"ENST00000334668",-0.8226518349038,2.67572277574239,-6.56628920017952,0.000152982708019426,0.00737020898622704,1.34520931931215,FALSE,"B"
"ENST00000306897",-0.697626752019454,5.10002151885837,-6.56433059385655,0.000153304818304056,0.00737020898622704,1.34304075833853,FALSE,"B"
"ENST00000379484",-0.779840214257547,2.68448081204051,-6.53048603680173,0.000158990469425986,0.00758429730251456,1.30548780449378,FALSE,"B"
"ENST00000373850",0.585808210327094,3.31627287198884,6.52394304481082,0.000160116210485701,0.0075987284364435,1.2982103228319,FALSE,"D"
"ENST00000248924",-0.641569618630935,4.48015074822549,-6.51034288541831,0.000162484341670151,0.00763414910358973,1.2830652141275,FALSE,"B"
"ENST00000374050",0.529074193371767,6.77230599167353,6.49053042825295,0.000166003479281178,0.00766376915608513,1.26095792740234,FALSE,"D"
"ENST00000524013",-0.443024488346484,5.99812637936247,-6.48105325219153,0.000167716434915871,0.00766376915608513,1.25036447526081,FALSE,"B"
"ENST00000379661",-0.387873470072524,4.14152202340622,-6.48089041090801,0.00016774603723339,0.00766376915608513,1.25018234852212,FALSE,"B"
"ENST00000220763",0.584257392517726,4.28719474012994,6.45411901107839,0.000172691812125628,0.0077947763903453,1.22019204607639,FALSE,"D"
"ENST00000392920",0.862425880574586,4.14722278071322,6.42975731738981,0.000177332144221153,0.00788995243284333,1.19281749724669,FALSE,"D"
"ENST00000373602",-0.595312435593374,3.80716510876145,-6.42958873819168,0.000177364728867883,0.00788995243284333,1.19262779114341,FALSE,"B"
"ENST00000466674",-0.632093607446587,3.00969564598493,-6.42298453959648,0.00017864645278944,0.00792321571207533,1.18519291720654,FALSE,"B"
"ENST00000419916",-0.976050223262315,2.94231504214449,-6.41912589825227,0.000179400041582118,0.00792321571207533,1.18084621364216,FALSE,"B"
"ENST00000351933",-0.447565995443846,3.25908839777464,-6.41580049355134,0.00018005229645421,0.00793304402110065,1.17709858135663,FALSE,"B"
"ENST00000371538",-0.42812374202335,4.24346554686406,-6.38929753631693,0.000185344916229219,0.00803812549736208,1.14717711702104,FALSE,"B"
"ENST00000321442",-0.461800455181759,4.52102300993267,-6.36860189586329,0.000189596873471159,0.00812099276369158,1.12374588910465,FALSE,"B"
"ENST00000380900",-0.531036103371136,5.27134658596501,-6.35271538202833,0.000192933594446506,0.00824478492378923,1.10572001354155,FALSE,"B"
"ENST00000453779",0.658283441090105,2.96355431565514,6.34028601208091,0.000195589240811662,0.00833896760883163,1.09159289890049,FALSE,"D"
"ENST00000293379",0.722604111769399,6.71017966856217,6.33445072864092,0.000196849847828222,0.00837337566994657,1.08495330636871,FALSE,"D"
"ENST00000449058",0.963298501435915,3.60894578550749,6.30341562711402,0.000203706333046055,0.00862390288706625,1.04956236931084,FALSE,"D"
"ENST00000525815",-0.544867117006401,3.38172857154945,-6.26761140019825,0.000211944503947638,0.00881240425084988,1.00856914475139,FALSE,"B"
"ENST00000538442",0.451071931296184,3.43825470088019,6.24495625991226,0.000217346056117787,0.00893635978171596,0.982539688967304,FALSE,"D"
"ENST00000329245",-0.401627791586592,6.26201921028283,-6.19156423276282,0.000230684406707176,0.00940102611969356,0.92091518539096,FALSE,"B"
"ENST00000397406",-0.483227745118467,4.28175665740191,-6.16673341531983,0.000237191957179628,0.00959246232319794,0.892121194624827,FALSE,"B"
"ENST00000263621",-0.488702816292386,9.94061830557587,-6.1603408288462,0.000238899764710649,0.00959246232319794,0.884694437218664,FALSE,"B"
"ENST00000269298",0.795348661824771,3.1117289188526,6.15796185091873,0.000239538764476152,0.00959246232319794,0.881929144503313,FALSE,"D"
"ENST00000342245",0.678474309704281,3.75558946831357,6.14078014053815,0.000244209954859441,0.00967459222459256,0.861933944298279,FALSE,"D"
"ENST00000379715",-0.532236741321744,4.29529983693104,-6.11663705130476,0.000250943678126605,0.00982032147520105,0.833767849621442,FALSE,"B"
"ENST00000378026",-0.487674272223733,6.3961648325383,-6.10494047012915,0.000254279075620368,0.00990347260554349,0.820092946932722,FALSE,"B"
"ENST00000284376",0.39173786889927,3.67682618577646,6.0992280848546,0.000255925690092302,0.00993890877739305,0.813407426065909,FALSE,"D"
"ENST00000054666",0.358680376474039,4.8565890331697,6.09551687418096,0.000257001732529282,0.00993890877739305,0.809061540605549,FALSE,"D"
"ENST00000219542",-0.843777142249927,3.65763456147827,-6.09422154506738,0.000257378474029654,0.00993890877739305,0.807544235552757,FALSE,"B"
"ENST00000448520",0.543304492957686,3.57755005339919,6.09249768797507,0.000257880792176549,0.00993890877739305,0.805524602356623,FALSE,"D"
"ENST00000267814",-0.366956178683867,3.60445492911285,-6.0576448291336,0.000268271072357491,0.0101147493288698,0.76460226798966,FALSE,"B"
"ENST00000215919",-0.534769979482588,3.21215008341585,-6.02588581911206,0.000278140254585135,0.0103397658697007,0.72716368867301,FALSE,"B"
"ENST00000356998",-0.469097841998369,5.94364213161484,-6.021430757593,0.000279556266692433,0.0103397658697007,0.721900531108854,FALSE,"B"
"ENST00000367029",-0.818445879204545,5.6341809032034,-6.00933944947154,0.000283439448036211,0.0104027348910467,0.70760186168954,FALSE,"B"
"ENST00000409141",0.56256387879566,4.34427041569299,5.98121534006222,0.000292702619398401,0.0105927337992162,0.674263420512564,FALSE,"D"
"ENST00000312734",-0.626313635382233,3.08106003953423,-5.97778213668906,0.000293855972819987,0.01059545920748,0.670186005601792,FALSE,"B"
"ENST00000435298",-0.576777229895082,2.95780310874,-5.96292860607063,0.000298903661198178,0.0107159037441284,0.652526048487499,FALSE,"B"
"ENST00000253727",0.624644327374706,5.41425442547207,5.91749934342271,0.00031494169449851,0.0109288319964981,0.598318492010244,FALSE,"D"
"ENST00000348411",-0.478068603194905,4.71019770466752,-5.89113919986961,0.000324678849596586,0.0110792906513911,0.566729715536156,FALSE,"B"
"ENST00000582723",-0.915008481891031,3.60992862335457,-5.86569642149178,0.000334391039952437,0.0112649507090546,0.536145891806157,FALSE,"B"
"ENST00000320211",-0.425296699313143,4.00118730084681,-5.85281961828944,0.000339427506816105,0.0113394565217429,0.520631755485081,FALSE,"B"
"ENST00000263620",0.441047850658197,4.1146067016781,5.84857426107606,0.000341106163753358,0.0113610020104129,0.515511671948768,FALSE,"D"
"ENST00000393784",-0.473591921078755,4.64439940208223,-5.82328674360364,0.000351295593058382,0.011566500946793,0.484960101687838,FALSE,"B"
"ENST00000432102",0.566372389388258,5.74430666533431,5.81774888769431,0.000353571284408591,0.0116143763015427,0.478257144579224,FALSE,"D"
"ENST00000267205",-0.534838333901704,3.28344825454169,-5.81019205839429,0.00035670274757977,0.0116580037015643,0.469103308600184,FALSE,"B"
"ENST00000245903",-0.625853695618847,5.61461503580651,-5.79218322823357,0.000364288629710402,0.0116755770713259,0.447255382617474,FALSE,"B"
"ENST00000394249",0.32346786117722,5.96582254263863,5.78010060542987,0.00036947723011429,0.0118008981749825,0.432570725826609,FALSE,"D"
"ENST00000527564",0.485275331606512,3.46339186274653,5.774043426119,0.000372108772669534,0.0118439656073315,0.42520116208987,FALSE,"D"
"ENST00000223500",0.457660079390905,5.60345278567112,5.76914769580271,0.000374250732313783,0.0118575757984327,0.419240811123066,FALSE,"D"
"ENST00000369146",-0.677607251213768,2.66355155625094,-5.75263580537813,0.00038157515244538,0.0120414681868276,0.399112645529779,FALSE,"B"
"ENST00000261381",0.479620327379741,2.99367740942105,5.73918973505349,0.000387655676306196,0.012129680407269,0.382692524588264,FALSE,"D"
"ENST00000371589",0.414185480193215,3.85339676918472,5.72669656381347,0.000393400505928481,0.0122375514037582,0.367412529864592,FALSE,"D"
"ENST00000283148",0.398600992729747,4.38091870166731,5.7259328528684,0.000393754700928029,0.0122375514037582,0.366477723669711,FALSE,"D"
"ENST00000200453",0.711699540682028,4.40122024819153,5.72287155204953,0.000395177985649214,0.0122405718004533,0.362729743664501,FALSE,"D"
"ENST00000430969",0.452295258032601,5.04380865338288,5.69522561519581,0.000408289601729452,0.0124476772851447,0.328820760061767,FALSE,"D"
"ENST00000310300",0.447443376958952,5.48408984187888,5.69317450675236,0.000409281193439296,0.0124476772851447,0.326300545153017,FALSE,"D"
"ENST00000373647",0.395777819134622,3.35547685043944,5.65029143057532,0.00043062838442022,0.0128406916834068,0.273469041828954,FALSE,"D"
"ENST00000308108",0.851800735421683,3.71772498260178,5.64786560093163,0.000431871868955667,0.0128406916834068,0.270472409228966,FALSE,"D"
"ENST00000337989",-0.48927497840806,4.00448565544013,-5.64773025187229,0.000431941364790402,0.0128406916834068,0.270305186867561,FALSE,"B"
"ENST00000234831",0.362693827286937,6.09632369939838,5.63619875273973,0.000437907475354064,0.012955464587358,0.256048286870874,FALSE,"D"
"ENST00000317610",0.512394737144995,6.75433687768901,5.61405539555406,0.000449618373590525,0.0131128037833407,0.228616823232739,FALSE,"D"
"ENST00000335766",0.665785059359572,2.82102520946438,5.61172196980284,0.000450872269713906,0.0131286324466694,0.225721956233908,FALSE,"D"
"ENST00000361143",-0.376404802011651,4.97228090771193,-5.59001167032627,0.000462723727944222,0.0133470314646851,0.198749636868687,FALSE,"B"
"ENST00000281871",-0.470424191049793,7.1349906772549,-5.58873069621272,0.000463433571792598,0.0133470314646851,0.197156022612289,FALSE,"B"
"ENST00000393399",0.364300957809214,4.88099782149704,5.58294669496807,0.000466653608007648,0.0133979661857375,0.189957346730271,FALSE,"D"
"ENST00000478698",0.47173601875036,2.95735229269836,5.57305200089816,0.000472219023694093,0.0134651904323979,0.177631151004663,FALSE,"D"
"ENST00000227520",-0.534564958501327,5.36591596398545,-5.57101922497637,0.000473371355323452,0.0134651904323979,0.175097059790004,FALSE,"B"
"ENST00000306065",-0.438715154861278,4.01315049080264,-5.56582430227462,0.000476330230650004,0.0134889362545582,0.168618219771584,FALSE,"B"
"ENST00000315467",-0.370338304721083,5.2862054502754,-5.55672279775032,0.000481563068927448,0.0135934798401676,0.157257703815547,FALSE,"B"
"ENST00000258796",0.552660204533764,4.69647406613847,5.54244731880773,0.000489897734432361,0.0137238271249709,0.139414414028199,FALSE,"D"
"ENST00000382450",-0.535851993843563,3.59780856559534,-5.53235142206502,0.000495887372318758,0.0138495866571507,0.126777132941672,FALSE,"B"
"ENST00000381679",0.347350973910134,4.41605740221045,5.52475582465169,0.000500446430808915,0.0139137674083786,0.117259612709046,FALSE,"D"
"ENST00000609514",-0.737431369214911,3.0218889157708,-5.52217469499259,0.000502006103829455,0.0139314807255159,0.114023435779487,FALSE,"B"
"ENST00000468262",1.20121619346861,2.50154300952659,5.51876119957988,0.000504076909834102,0.0139314807255159,0.109742140093978,TRUE,"D"
"ENST00000357857",0.591359431335472,3.73422487180189,5.51832537694158,0.000504341974464675,0.0139314807255159,0.109195395856155,FALSE,"D"
"ENST00000263368",0.749162106885761,6.2613301290146,5.51427416221323,0.000506813203496847,0.0139331052374727,0.104111758779228,FALSE,"D"
"ENST00000345519",0.38386084990642,7.86609359656255,5.4948218393418,0.000518864905104291,0.0141276744130776,0.0796683279026364,FALSE,"D"
"ENST00000521288",-0.426909222708309,3.29770634689457,-5.49362074340198,0.000519619247412367,0.0141276744130776,0.0781572164470115,FALSE,"B"
"ENST00000524001",0.535785718825691,4.31609235187663,5.49230002421274,0.000520450102648071,0.0141294549190971,0.0764953590360165,FALSE,"D"
"ENST00000231461",0.485037206781749,2.9245995065747,5.48002235317667,0.000528243774821655,0.0142363625211424,0.0610340285390798,FALSE,"D"
"ENST00000612463",-0.68638020008142,11.0412326976875,-5.46026773216364,0.000541052778318297,0.014517987413567,0.0361100197684179,FALSE,"B"
"ENST00000216605",-0.327577281586596,5.90487405499491,-5.42233326716665,0.00056661193420511,0.0150130891875342,-0.0119136459370894,FALSE,"B"
"ENST00000405018",0.472010908614754,4.41203059706879,5.4055755068378,0.000578320411234465,0.0151486517533647,-0.0331965359108244,FALSE,"D"
"ENST00000375326",-0.462961873773298,5.35164289173859,-5.40539813821143,0.000578445741688956,0.0151486517533647,-0.0334220233901821,FALSE,"B"
"ENST00000431606",0.475543155160343,4.2862229047753,5.40531285825621,0.000578506011923628,0.0151486517533647,-0.0335304408621138,FALSE,"D"
"ENST00000558046",-0.425470726305723,4.55521086269773,-5.39835116059805,0.000583449291250413,0.0151763495888576,-0.0423845888645076,FALSE,"B"
"ENST00000482496",-0.683280809868724,3.0913264438224,-5.39803604281308,0.000583674135100422,0.0151763495888576,-0.0427855383291478,FALSE,"B"
"ENST00000367027",-0.700258967356553,5.21981691915018,-5.39200075771344,0.000587998765432457,0.0151768737835706,-0.0504675688755274,FALSE,"B"
"ENST00000266263",-0.514971992130227,4.136765273727,-5.38981215108269,0.000589575664599062,0.015180134371218,-0.0532546849916518,FALSE,"B"
"ENST00000393106",-0.604186367064868,3.18893815397573,-5.38525966427679,0.000592870563627034,0.0152013659376648,-0.0590544102949586,FALSE,"B"
"ENST00000569493",0.68843588165892,5.66891808181804,5.37612669853241,0.000599541423556029,0.0152895567435312,-0.070698844108037,FALSE,"D"
"ENST00000433627",-0.607830361438201,3.71593702758379,-5.37046203125778,0.000603720142423614,0.0153727966196998,-0.0779274885883021,FALSE,"B"
"ENST00000377943",0.336481736943056,6.38581142778883,5.35932942498817,0.000612025426464229,0.0155200568653243,-0.0921476928304008,FALSE,"D"
"ENST00000338863",0.545762425806408,2.74255366743435,5.35204905131481,0.000617524244240153,0.0156380179326714,-0.101457269540167,FALSE,"D"
"ENST00000290705",-0.590733916810695,3.71374621810836,-5.34528182229228,0.000622683883431909,0.0156612631771614,-0.110117779419248,FALSE,"B"
"ENST00000588282",-0.375099375044563,6.36851483058185,-5.33220726361298,0.00063278632313543,0.0158290898528498,-0.126869625231665,FALSE,"B"
"ENST00000554578",-0.369150824447766,4.32479348206057,-5.32951197434785,0.000634891080144373,0.0158536447525791,-0.130326157067051,FALSE,"B"
"ENST00000611161",-0.444968265766926,3.08049706490946,-5.32025425744063,0.00064217885159257,0.0159559404835134,-0.142206851030529,FALSE,"B"
"ENST00000355035",0.672980368430204,3.84400173896864,5.31242643969395,0.000648412253844991,0.016030955253893,-0.15226252357555,FALSE,"D"
"ENST00000239938",0.728066056380165,4.18741523693587,5.30133708601783,0.000657356173492915,0.0161590576815615,-0.166523696515054,FALSE,"D"
"ENST00000332904",-0.532323658492982,2.83482090668395,-5.28964505784991,0.000666932188633841,0.0162596077732198,-0.181579876983636,FALSE,"B"
"ENST00000404366",-0.400994650762376,6.12986788025656,-5.28563180356789,0.000670254131164091,0.0162596077732198,-0.186752590374839,FALSE,"B"
"ENST00000265663",-0.59733733769983,3.56130896520686,-5.27784201598109,0.000676753717361503,0.0163742468888738,-0.196799798947456,FALSE,"B"
"ENST00000368594",0.399883624181698,3.48830396586191,5.26680090978615,0.000686084204002673,0.0164704817816558,-0.21105612678337,FALSE,"D"
"ENST00000248598",0.652291958971795,2.96952644631563,5.25103949755218,0.000699647673499355,0.0167180413057632,-0.231439035260967,FALSE,"D"
"ENST00000594341",0.673412791061431,2.67577774365696,5.24632184507268,0.00070376410889731,0.0167180413057632,-0.237547231322715,FALSE,"D"
"ENST00000330927",0.637013550559981,5.28512834628822,5.23040801153451,0.000717845887295586,0.0167961380549605,-0.258176380584859,FALSE,"D"
"ENST00000475711",-0.611718367264404,3.57900347597929,-5.22894487624431,0.000719155923433159,0.0168054905094931,-0.260074957439655,FALSE,"B"
"ENST00000590247",-0.313128681856388,6.33009520214624,-5.22208617247067,0.000725331798255567,0.0168644210675013,-0.268979159885191,FALSE,"B"
"ENST00000620230",0.395303527441951,4.22896972270942,5.2056323910299,0.000740384555251173,0.0170002976050894,-0.290368856881691,FALSE,"D"
"ENST00000600972",0.722390370993345,4.65270737903696,5.20212872702638,0.000743633668455771,0.0170313104608881,-0.294928832361517,FALSE,"D"
"ENST00000511475",0.654539999609512,2.93830556837299,5.19934188096654,0.000746229141675128,0.0170313104608881,-0.298557196955878,FALSE,"D"
"ENST00000461447",0.835803866535833,4.28789505942795,5.19488729370995,0.000750398362903871,0.0171025977500844,-0.304359322414467,FALSE,"D"
"ENST00000550709",0.514060920513087,2.88504100643293,5.18986432952772,0.000755130031273479,0.0171680486543592,-0.310905344403428,FALSE,"D"
"ENST00000421999",-0.347433142801127,5.43945257422854,-5.18433915641085,0.000760372374852102,0.0172397195628001,-0.318110240966242,FALSE,"B"
"ENST00000372398",-0.321310360099674,4.94983367302032,-5.18305593125334,0.00076159558051746,0.0172397195628001,-0.319784240665494,FALSE,"B"
"ENST00000475836",-0.629519110963785,5.41694122388844,-5.18168816641208,0.00076290173345466,0.0172397195628001,-0.321568797485579,FALSE,"B"
"ENST00000545405",-1.1168646293496,3.31723067966388,-5.18163591916569,0.000762951675575953,0.0172397195628001,-0.321636971353316,TRUE,"B"
"ENST00000393451",0.456509975198931,3.05918521938725,5.1741886219745,0.000770106986157514,0.0173166200626722,-0.331358646524185,FALSE,"D"
"ENST00000319340",-0.339211591812227,4.58035841387236,-5.17199674514347,0.000772226831356803,0.0173431624497299,-0.334221505620465,FALSE,"B"
"ENST00000296785",0.488699501139013,2.98621685471893,5.15578653243283,0.000788103160558382,0.0176140102264749,-0.355416493152048,FALSE,"D"
"ENST00000455784",-0.45232297663905,3.54619653530997,-5.15344460128469,0.000790426110695164,0.017644566420246,-0.358481860744321,FALSE,"B"
"ENST00000568977",-0.635132967889958,3.25317032387303,-5.15061754768798,0.00079324019474521,0.017675269964386,-0.362183309120182,FALSE,"B"
"ENST00000170168",0.357734788499772,3.87426809966699,5.14272068130133,0.000801158827438558,0.0177553338695597,-0.372529022345874,FALSE,"D"
"ENST00000381815",-0.330803308834824,5.09776560835355,-5.13770055943257,0.000806237538158426,0.0177696211105617,-0.379110789780366,FALSE,"B"
"ENST00000270530",0.663426786718114,3.22938352078995,5.1259142270192,0.000818299802698822,0.017823647760023,-0.394578515742789,FALSE,"D"
"ENST00000373768",-0.351162143349722,6.93497800021274,-5.12550017378696,0.000818727108259493,0.017823647760023,-0.395122277042066,FALSE,"B"
"ENST00000356798",0.552725278349584,3.13324195919177,5.11286892415607,0.00083188015038413,0.0179130265657215,-0.411722872861965,FALSE,"D"
"ENST00000359634",-0.452351757748416,3.23176911609727,-5.10416401461234,0.000841078537111513,0.0179712394370551,-0.42317729381792,FALSE,"B"
"ENST00000267116",0.481324982612254,4.29041225843088,5.09373830126634,0.000852241316140416,0.0181676985418802,-0.436911096395604,FALSE,"D"
"ENST00000372235",0.480313393579201,3.75610370519323,5.09134826363541,0.000854822988271645,0.0181790972737837,-0.440061806828346,FALSE,"D"
"ENST00000323492",0.483519336888779,3.20042989548161,5.08707142447298,0.000859464024836928,0.0182254755673679,-0.44570197957317,FALSE,"D"
"ENST00000276420",0.427129173560329,5.74909266122285,5.08292644583174,0.000863988162086395,0.0182440921390831,-0.451170893295298,FALSE,"D"
"ENST00000447998",0.509243889138953,4.37474095313507,5.0697023057529,0.000878596148989285,0.0184387018691604,-0.468636255371516,FALSE,"D"
"ENST00000372991",0.286209021868202,7.42934713178246,5.06792694844841,0.000880577674825615,0.0184387018691604,-0.470983012526148,FALSE,"D"
"ENST00000333503",-0.33419649003901,5.4092340227903,-5.06724406375125,0.000881341156549529,0.0184387018691604,-0.471885810839296,FALSE,"B"
"ENST00000607355",1.04358261385429,5.66056987531995,5.05852667419385,0.000891150979273463,0.0185473937185653,-0.483416703544314,TRUE,"D"
"ENST00000256001",-0.5589682051284,2.76601156368846,-5.05377769549344,0.000896545042012173,0.0186176805630897,-0.489703225866509,FALSE,"B"
"ENST00000371065",0.464699069786718,3.58276517518006,5.04886805874936,0.000902158968536501,0.018686861924987,-0.49620600277215,FALSE,"D"
"ENST00000285379",0.851905930927537,7.51845266066881,5.04190120204707,0.000910190990745219,0.0187533882590932,-0.505439801607877,FALSE,"D"
"ENST00000367889",0.619326315239008,6.12606021242796,5.03957946314583,0.000912884963426616,0.0187879256519719,-0.508518638999175,FALSE,"D"
"ENST00000342494",0.521094071213189,2.86645595536096,5.0030182110212,0.000956472098476141,0.0193824713611065,-0.557109595029487,FALSE,"D"
"ENST00000570172",-1.0838098983314,4.46549955238137,-4.98865529874368,0.00097421013676037,0.0195700689170111,-0.57625358758348,TRUE,"B"
"ENST00000568415",-0.691277998081444,3.12491338521078,-4.98266486323977,0.000981713714902413,0.0196993661856668,-0.584247314567671,FALSE,"B"
"ENST00000608083",-0.315022202572322,5.97375254527319,-4.97380697429251,0.000992924469689598,0.0197738712351021,-0.596077354855355,FALSE,"B"
"ENST00000290349",-0.325871516305212,6.37285220236506,-4.9693861578269,0.000998571573543059,0.0198221826012671,-0.601985956491951,FALSE,"B"
"ENST00000544615",-0.384587109091419,5.2162405473045,-4.95957114770814,0.00101123439944519,0.0200090013377896,-0.615114678679215,FALSE,"B"
"ENST00000356362",-0.350448114823987,3.96911956612351,-4.94166833742046,0.00103478366702642,0.0202449258145739,-0.639099283693378,FALSE,"B"
"ENST00000570132",-0.779212914708697,3.16062698673358,-4.9413402667466,0.00103522073392328,0.0202449258145739,-0.639539255875929,FALSE,"B"
"ENST00000523855",0.771268050717093,2.66246994606026,4.93930992754718,0.00103793008846474,0.0202764310721138,-0.642262484650322,FALSE,"D"
"ENST00000261465",-0.773188010425244,4.07207056951279,-4.93252173539437,0.00104704459481423,0.0204212711870891,-0.651371793121842,FALSE,"B"
"ENST00000455127",0.391492615273917,4.8150554715072,4.93039300055335,0.00104992073673383,0.0204280212003071,-0.654229850208429,FALSE,"D"
"ENST00000260130",0.627292144581736,5.65204093467838,4.92935177462368,0.00105133066735637,0.0204280212003071,-0.655628058246204,FALSE,"D"
"ENST00000622633",0.579503878453182,4.05637939887742,4.92683934101877,0.00105474125019136,0.0204280212003071,-0.659002549168386,FALSE,"D"
"ENST00000295317",0.426155798217284,3.59584279337208,4.9257022747835,0.00105628874776567,0.0204280212003071,-0.660530075159232,FALSE,"D"
"ENST00000377698",-0.484515416539689,3.77858289604787,-4.92049224158729,0.00106341099980831,0.0204477352217562,-0.667531692614403,FALSE,"B"
"ENST00000388712",-0.347348775366636,4.8180581042424,-4.91895058318806,0.00106552848076104,0.0204477352217562,-0.669604270713107,FALSE,"B"
"ENST00000359866",0.400899301547757,3.37881167759259,4.90980595414384,0.00107818327983885,0.0205623362903977,-0.681905532035207,FALSE,"D"
"ENST00000569251",0.333928164776273,5.93432593197516,4.90413267728151,0.0010861162736349,0.0205923887977187,-0.68954351857144,FALSE,"D"
"ENST00000382409",-0.358925410264419,4.62579201210887,-4.89474764534188,0.0010993790258128,0.0207734249698363,-0.702189354758825,FALSE,"B"
"ENST00000584250",0.372997173021035,3.32058105892568,4.85394605329293,0.00115911925810498,0.0215710691772944,-0.757322042222722,FALSE,"D"
"ENST00000374516",0.511715887593476,3.74116670606519,4.8417767330176,0.00117761284816008,0.0218711376155766,-0.77381437962557,FALSE,"D"
"ENST00000534336",0.645390692728816,6.9511110679959,4.8317243292278,0.00119313105558464,0.0219605108844945,-0.787454652352363,FALSE,"D"
"ENST00000311181",-0.522601573685834,2.81746764706067,-4.83064701654357,0.00119480726163733,0.0219683513215072,-0.788917380711054,FALSE,"B"
"ENST00000262327",-0.37029828792052,3.35186671119052,-4.8283409723722,0.00119840386706963,0.021991783091424,-0.79204901612454,FALSE,"B"
"ENST00000418458",-0.450764177966081,6.31107984866437,-4.82030027767471,0.00121103669816288,0.0221547207064381,-0.802974653240082,FALSE,"B"
"ENST00000317551",0.309856419655763,4.19721166356806,4.82025163493634,0.00121111355980869,0.0221547207064381,-0.80304077832791,FALSE,"D"
"ENST00000379214",-0.64170778215533,2.94733622929003,-4.81889379198069,0.00121326126072325,0.0221547207064381,-0.804886778301598,FALSE,"B"
"ENST00000361007",0.322171051544191,4.13091165406067,4.8165923103186,0.00121691096242293,0.0221547207064381,-0.808016299172845,FALSE,"D"
"ENST00000515463",-0.513540565835372,3.51692056689104,-4.81189020847609,0.00122440467648793,0.0221547207064381,-0.8144126324219,FALSE,"B"
"ENST00000236937",0.556181292658691,2.92693836030621,4.81140450285855,0.00122518159204843,0.0221547207064381,-0.815073534476872,FALSE,"D"
"ENST00000589183",-0.472108231721464,4.08005341359974,-4.80075497992729,0.00124235131557762,0.0223272510868457,-0.829573337720418,FALSE,"B"
"ENST00000261353",0.507560217407886,3.33908683530623,4.800176125702,0.00124329202736999,0.0223272510868457,-0.830361963896298,FALSE,"D"
"ENST00000221200",0.380503667358181,4.45510176572301,4.79176700076975,0.0012570454516034,0.0224867403895838,-0.841824184641635,FALSE,"D"
"ENST00000320602",-0.424474567782285,3.91059124722788,-4.77762246759984,0.00128055312673896,0.0227529271152339,-0.861128212982722,FALSE,"B"
"ENST00000272902",0.375972222086764,3.95746938584739,4.7724100659429,0.00128933583327735,0.0228389189150247,-0.868249543695166,FALSE,"D"
"ENST00000370349",-0.417765721780433,3.65794783935011,-4.76840125560377,0.00129613498126446,0.0228975577886347,-0.873729278901866,FALSE,"B"
"ENST00000381112",0.490482687051565,3.91471217900509,4.76657786452617,0.00129924040487898,0.0229158007618123,-0.876222515261067,FALSE,"D"
"ENST00000381031",-0.391445225875682,3.92877283358073,-4.76633756742703,0.00129965025717012,0.0229158007618123,-0.876551125827123,FALSE,"B"
"ENST00000330714",-0.317266057080501,4.23060700325691,-4.76281582577333,0.00130567307781458,0.0229781036125215,-0.881368168207079,FALSE,"B"
"ENST00000249299",0.347647630906821,6.38398763736793,4.75843613189583,0.00131320542017373,0.0230859263633082,-0.887361324865434,FALSE,"D"
"ENST00000373389",0.683476762674583,3.3755034434849,4.75116957753267,0.00132580684283494,0.0232129999641487,-0.897311222785564,FALSE,"D"
"ENST00000464329",0.827145932102935,3.53379145338462,4.750383299888,0.00132717822259646,0.0232129999641487,-0.898388328349855,FALSE,"D"
"ENST00000350997",-0.467023677239989,5.23830001981686,-4.74470412221342,0.00133712931233183,0.0232874550690723,-0.906170880781318,FALSE,"B"
"ENST00000392882",0.538849848355055,3.94595718489258,4.73204015434069,0.00135961176755435,0.0235660482772092,-0.923542633119756,FALSE,"D"
"ENST00000502922",-0.64465799617914,4.04269443786549,-4.72968608933305,0.00136383595789853,0.0235746962722517,-0.926774472871349,FALSE,"B"
"ENST00000480824",-0.450871853209867,2.96460944990471,-4.7167647802465,0.00138727708092707,0.0238012833641393,-0.944528672199826,FALSE,"B"
"ENST00000476484",-0.366676385255414,3.31154796615338,-4.71172192255216,0.00139654372448569,0.0238939700627714,-0.951464493686219,FALSE,"B"
"ENST00000311916",-0.394909914704591,3.37605519603888,-4.70467036938217,0.00140961417650733,0.0239842279377897,-0.9611694335272,FALSE,"B"
"ENST00000596582",0.451454572963333,5.3037492734569,4.67702117928833,0.00146215711864739,0.024673567246206,-0.999294616311626,FALSE,"D"
"ENST00000474559",-0.768781183079281,3.63106965035945,-4.67067110017635,0.0014745217004402,0.0248368112334183,-1.00806687448009,FALSE,"B"
"ENST00000349606",0.400379566588719,3.34367092283127,4.66849893191961,0.00147877720770426,0.0248710547879512,-1.0110689843146,FALSE,"D"
"ENST00000298569",0.766978845826487,2.87518571353068,4.66825846337882,0.00147924912827964,0.0248710547879512,-1.01140137451771,FALSE,"D"
"ENST00000554659",0.280607319254531,3.75847691837184,4.66621541026949,0.00148326521616218,0.0249158864017925,-1.01422575617616,FALSE,"D"
"ENST00000221138",0.352512226275307,5.92353857118354,4.65003099393581,0.0015154998652917,0.0252733902557815,-1.03662171414556,FALSE,"D"
"ENST00000372645",-0.486740521251578,3.8274992539448,-4.63596579837649,0.00154413020432693,0.0256120284834496,-1.05611695947397,FALSE,"B"
"ENST00000445964",0.298208353184433,5.45679444530619,4.62689478561115,0.00156290497113284,0.0257901267904461,-1.06870565545503,FALSE,"D"
"ENST00000352480",-0.674216139366642,4.18866545452409,-4.62158634150631,0.00157400666702387,0.0259444081070783,-1.07607838901202,FALSE,"B"
"ENST00000334464",-0.304224162211579,3.3075945805906,-4.61398169348387,0.00159005947683947,0.0260793600255439,-1.08664758752554,FALSE,"B"
"ENST00000261416",0.610780005347346,6.28249053350392,4.6133649000932,0.00159136922661497,0.0260793600255439,-1.08750520678933,FALSE,"D"
"ENST00000553116",0.28940598027237,4.54562636060675,4.61099298201364,0.0015964168425304,0.0261040312931388,-1.09080376547827,FALSE,"D"
"ENST00000217182",-0.619999133478867,3.09755030433293,-4.60916345849836,0.00160032204048964,0.026125014909778,-1.0933486055646,FALSE,"B"
"ENST00000567159",0.471339701918136,5.00793149313862,4.6008347831897,0.00161823109603567,0.0263440601974555,-1.10493998547775,FALSE,"D"
"ENST00000495956",-0.390881582839219,3.29527638362944,-4.59740945333129,0.00162565938469374,0.0264183960394641,-1.10971017074169,FALSE,"B"
"ENST00000263960",0.366529130848218,3.8054431156741,4.59259532688421,0.00163616190628544,0.0265423417855321,-1.11641738178627,FALSE,"D"
"ENST00000298249",0.357368989401455,3.71749968619123,4.58588687465039,0.00165091971887217,0.0266180165328376,-1.12576959832311,FALSE,"D"
"ENST00000423585",-0.62241000781094,3.34567236266941,-4.5842848050013,0.00165446534866512,0.0266218317455655,-1.12800402728084,FALSE,"B"
"ENST00000317204",0.444261584265497,3.65755967130946,4.57873184971856,0.00166681881223264,0.0266970142093636,-1.1357517721915,FALSE,"D"
"ENST00000011653",-0.288653493772599,6.28073416896412,-4.57847688819408,0.00166738840709584,0.0266970142093636,-1.1361076168407,FALSE,"B"
"ENST00000245206",-0.281935928488118,5.63715258254657,-4.57368948131743,0.0016781228677465,0.0268027821679272,-1.14279110171732,FALSE,"B"
"ENST00000349062",-0.296072587670764,3.67043953046765,-4.56387731328095,0.00170035834924566,0.026943363801203,-1.15650009545449,FALSE,"B"
"ENST00000296048",0.265110627307591,5.39020087436353,4.56263025953733,0.00170320706115616,0.026943363801203,-1.15824343304161,FALSE,"D"
"ENST00000345728",0.489272707425553,6.58578234030146,4.54638510044068,0.00174079209368173,0.0273970697710643,-1.18097472565566,FALSE,"D"
"ENST00000366592",0.413936628440141,3.29206845470421,4.53578418918492,0.0017658015329237,0.0275790711500037,-1.19582935762767,FALSE,"D"
"ENST00000479689",0.418946850821309,3.4905234019359,4.52935195737668,0.00178116548318942,0.0277486042068859,-1.20485071662797,FALSE,"D"
"ENST00000282388",-0.274339792581543,7.28234524081425,-4.52628896188999,0.00178853245670693,0.0277658874523519,-1.20914879796985,FALSE,"B"
"ENST00000303143",-0.898755807170886,2.34778666217971,-4.51607453994004,0.00181333873708483,0.0280134279709816,-1.22349201319681,FALSE,"B"
"ENST00000253413",0.343532891855691,6.48328795895468,4.51087407525273,0.00182611099508159,0.0280698043965039,-1.23080050637558,FALSE,"D"
"ENST00000403359",-0.523022126622209,2.84727829687322,-4.49991174661116,0.0018533539124692,0.0283220457992068,-1.24621956889759,FALSE,"B"
"ENST00000298049",-0.616077978179953,3.73310153581995,-4.4989780797543,0.00185569441846984,0.0283220457992068,-1.24753363936885,FALSE,"B"
"ENST00000372117",-0.59066829615986,2.63475902578193,-4.4675660135898,0.00193632903807828,0.0292042530873237,-1.2918189397897,FALSE,"B"
"ENST00000435409",-0.355728789355025,3.16234820461627,-4.45767655690937,0.00196249234249565,0.0294310082329913,-1.30579138740121,FALSE,"B"
"ENST00000373873",-0.61262691694603,2.48529230123551,-4.45550279824389,0.00196829421083462,0.0294403572064028,-1.30886454058482,FALSE,"B"
"ENST00000372718",0.321822384447423,5.16546534187242,4.45526021593722,0.00196894282279405,0.0294403572064028,-1.30920753464939,FALSE,"D"
"ENST00000465368",-0.394724759096053,5.06931720941998,-4.45463869934816,0.00197060567542351,0.0294403572064028,-1.31008635424078,FALSE,"B"
"ENST00000263354",0.338085132257084,6.25811651325691,4.44430341069832,0.00199848090530127,0.0297073534126819,-1.32470869706799,FALSE,"D"
"ENST00000415762",-0.527885505586055,5.44462075765208,-4.44334443782539,0.00200108884495376,0.0297073534126819,-1.32606624560613,FALSE,"B"
"ENST00000220764",0.332355358337706,5.79080841875636,4.43244537440978,0.00203098853953918,0.0299505814829064,-1.34150474988208,FALSE,"D"
"ENST00000582787",0.589723259198172,2.94981478821472,4.42987070158781,0.00203812190019952,0.0299505814829064,-1.34515431473524,FALSE,"D"
"ENST00000289429",0.617471532623797,2.64169360329502,4.42840839937572,0.00204218537645836,0.0299688268957056,-1.34722754174036,FALSE,"D"
"ENST00000252818",0.673084191629501,5.5310522363955,4.41420892515715,0.00208210099069366,0.0303601785711352,-1.36737560652298,FALSE,"D"
"ENST00000307363",0.566943749730674,4.97038924905313,4.41042022728609,0.00209289298694673,0.0304467276848098,-1.37275649383227,FALSE,"D"
"ENST00000366903",0.320331623444822,3.347192083336,4.4028977909218,0.002114499743827,0.0306438642086395,-1.38344643409009,FALSE,"D"
"ENST00000314289",0.326878089069343,5.88233586703238,4.39090994980015,0.00214943145012908,0.0308882573535981,-1.40049912910869,FALSE,"D"
"ENST00000289382",0.293103849209362,4.76551304372504,4.38474747561547,0.0021676302768182,0.0310206376281712,-1.40927340385417,FALSE,"D"
"ENST00000264705",-0.422045261421757,4.7153652826142,-4.3751313495657,0.00219636114745655,0.0313346392142158,-1.42297612311546,FALSE,"B"
"ENST00000368034",0.526544755422976,2.57744147912881,4.3630535057292,0.00223303027435464,0.031686373477987,-1.44020578670149,FALSE,"D"
"ENST00000267082",1.31343220740267,3.49185668890123,4.35944208706603,0.00224412256964854,0.0317948939050512,-1.44536177773965,TRUE,"D"
"ENST00000578882",-0.658358992017549,3.2327093244312,-4.34652403917971,0.00228428857298237,0.0321210281646234,-1.46382025522426,FALSE,"B"
"ENST00000491523",-0.411697751162404,6.42404426475026,-4.34057949596256,0.00230303165235975,0.0321517659089572,-1.47232248335532,FALSE,"B"
"ENST00000379852",0.327780303837679,6.62202854987559,4.33915506753515,0.00230754743434628,0.032173418167467,-1.47436054281183,FALSE,"D"
"ENST00000602819",-0.33289536964676,5.82036771088731,-4.32395559183035,0.0023563320574167,0.0325553771393509,-1.49612608590323,FALSE,"B"
"ENST00000326132",0.278300244583572,3.64750361279219,4.29558180168968,0.00245040054311394,0.0332559262819752,-1.53684632094502,FALSE,"D"
"ENST00000457408",0.419203128933586,4.59154148792707,4.28640214528709,0.00248169388542805,0.0334657054922478,-1.55004515831238,FALSE,"D"
"ENST00000491805",0.638535404615294,5.12671357258178,4.28482871637014,0.00248710075645063,0.0334896915133735,-1.55230870417915,FALSE,"D"
"ENST00000281282",-0.313547525979471,3.45544272522859,-4.26568092309538,0.00255392555617815,0.0340664882172001,-1.57988326208056,FALSE,"B"
"ENST00000262376",-0.28543541893866,3.89201390854036,-4.26373569142557,0.00256082169447623,0.0341091842003793,-1.58268750560595,FALSE,"B"
"ENST00000246532",0.464984113274277,2.80295537090452,4.25012286620186,0.00260964569172707,0.0345848306640154,-1.60232684593582,FALSE,"D"
"ENST00000447182",0.487571361252138,5.26821462945055,4.24773917206899,0.00261829768770029,0.0346070367477255,-1.60576853899126,FALSE,"D"
"ENST00000395074",0.803281171738121,7.57060749609291,4.24286129940313,0.00263609905946714,0.0347359205830284,-1.61281396821937,FALSE,"D"
"ENST00000532583",0.394858943623991,3.36249042778294,4.22654380393595,0.00269660100110347,0.0351945934394818,-1.63640695985981,FALSE,"D"
"ENST00000438323",0.373386030320773,4.21012334244343,4.21939336458204,0.00272358256333969,0.0353727146812301,-1.6467574698047,FALSE,"D"
"ENST00000342136",0.498480383769987,3.27204037837266,4.21539930672221,0.00273878006592876,0.0354903194107523,-1.65254215753319,FALSE,"D"
"ENST00000593495",0.29960962047196,3.9090541587653,4.21521359191492,0.00273948893127794,0.0354903194107523,-1.65281118753391,FALSE,"D"
"ENST00000397760",0.288602396483514,4.42097077483332,4.19598942712355,0.00281394489275238,0.0359503367924579,-1.68068601740777,FALSE,"D"
"ENST00000253814",0.297426908718541,4.40816772251399,4.19482729344317,0.00281851508729286,0.0359838222866621,-1.68237276842839,FALSE,"D"
"ENST00000259339",0.453658012448281,4.28707000814055,4.18346380881736,0.00286362580703694,0.0363108232156641,-1.69887603344583,FALSE,"D"
"ENST00000407550",-0.621669837252303,2.93200089002154,-4.17878065322357,0.00288244225249147,0.0363169578817347,-1.70568268886416,FALSE,"B"
"ENST00000398238",0.298425231674312,6.23654765414561,4.17548619409028,0.00289575865070287,0.0363169578817347,-1.71047280908404,FALSE,"D"
"ENST00000272217",0.405320548495728,5.37652792828228,4.17545103409765,0.0028959011255188,0.0363169578817347,-1.71052393966747,FALSE,"D"
"ENST00000394514",0.384674907382724,3.4340065737585,4.159690996186,0.0029605285308635,0.0368538888794815,-1.73346001744448,FALSE,"D"
"ENST00000416970",-0.394681411608465,5.79862696481852,-4.15309398820311,0.00298803952660737,0.0370210851760224,-1.74307115124807,FALSE,"B"
"ENST00000438047",-0.356475276927432,3.09388577502638,-4.15283018461707,0.00298914534131627,0.0370210851760224,-1.74345561098494,FALSE,"B"
"ENST00000463372",-0.484016542831188,2.76804308901557,-4.15262574879134,0.00299000259993767,0.0370210851760224,-1.74375355652995,FALSE,"B"
"ENST00000465335",-0.64873932714603,3.01848073573427,-4.14597221621496,0.00301804744756681,0.0371688952164982,-1.75345361739497,FALSE,"B"
"ENST00000478410",-0.31844428375906,3.44704034813353,-4.13643444985335,0.00305874329641677,0.0374701128036829,-1.76736928751388,FALSE,"B"
"ENST00000215739",-0.360463136504677,3.8896231973134,-4.1228545551835,0.00311770612527542,0.0378657715649405,-1.78720422760037,FALSE,"B"
"ENST00000396651",-0.209670567598564,10.5261671845644,-4.11601895352974,0.00314784644479169,0.0381064873556062,-1.79719803560624,FALSE,"B"
"ENST00000348227",-0.289096228002956,4.37669296151192,-4.11273581137857,0.00316243390750128,0.0382210204817209,-1.80200035910465,FALSE,"B"
"ENST00000422183",-0.264067540709816,4.25692570819586,-4.09769616799665,0.00323019077939925,0.0387980169020752,-1.82401815530475,FALSE,"B"
"ENST00000370818",-0.489118206111446,3.4746839325308,-4.08362651918205,0.00329498934740605,0.039254286941537,-1.84464402383839,FALSE,"B"
"ENST00000552367",0.609779550710043,2.94521182198518,4.08320143578948,0.00329696866749843,0.039254286941537,-1.84526761095685,FALSE,"D"
"ENST00000428278",0.420643303916182,3.72429984852042,4.08299143395942,0.00329794697179589,0.039254286941537,-1.84557568771548,FALSE,"D"
"ENST00000397764",0.307153442986633,5.16641059583189,4.07823877008264,0.00332017097363429,0.0393918228433565,-1.85254955020539,FALSE,"D"
"ENST00000376387",0.333406553829999,5.93808858080633,4.07642317321942,0.0033287032708897,0.0394676885574147,-1.85521449669481,FALSE,"D"
"ENST00000438382",0.569401714017354,6.93312044669366,4.06982306769162,0.00335991878276371,0.0396390527823732,-1.86490597021953,FALSE,"D"
"ENST00000375527",-0.335605095979543,2.99509956148078,-4.06456001689305,0.00338503559826085,0.0398540447573301,-1.87263839162317,FALSE,"B"
"ENST00000225831",1.64491999894169,5.58646640030595,4.06104816141315,0.00340190714712294,0.0400016610465201,-1.877800071105,TRUE,"D"
"ENST00000541505",0.545349092274865,2.80756681243425,4.0560960388831,0.00342585136908745,0.040180839977588,-1.88508148424795,FALSE,"D"
"ENST00000476587",1.87491517399224,3.15791856307062,4.05283003587475,0.0034417418003151,0.0402648893381603,-1.88988551273282,TRUE,"D"
"ENST00000564421",-0.746581905635616,3.11822224799273,-4.04914502408612,0.00345976580496305,0.0403789479153501,-1.89530760578471,FALSE,"B"
"ENST00000398129",0.265671900569421,5.57406839131408,4.04784111455594,0.00346616765681669,0.0404061344809629,-1.8972266070587,FALSE,"D"
"ENST00000412615",0.270620415523764,4.50617147498345,4.04372465993158,0.00348646182188601,0.040569634531038,-1.90328642186041,FALSE,"D"
"ENST00000446759",-0.618255598888322,2.70091482922644,-4.04148866324362,0.00349753865605028,0.0406343997038038,-1.90657898312998,FALSE,"B"
"ENST00000409000",-0.444585999423659,6.17590604132139,-4.03875387580745,0.00351113773805136,0.0407411148850825,-1.91060694454467,FALSE,"B"
"ENST00000614556",0.243547161527268,5.67774684624511,4.03557961626278,0.00352699324860985,0.0408673008340828,-1.91528345313981,FALSE,"D"
"ENST00000202834",0.297721803198172,5.99995976799779,4.02710768527858,0.00356968764280994,0.0411875022336964,-1.92777145641062,FALSE,"D"
"ENST00000443358",-0.482030781225213,5.15011051954251,-4.02333453731224,0.00358888040583933,0.0413056865163341,-1.93333635286957,FALSE,"B"
"ENST00000354775",0.256644291309499,5.97780740248569,4.00604958979869,0.00367822741233529,0.0418476264965981,-1.95885378570144,FALSE,"D"
"ENST00000333598",0.823942371149956,6.7658432046434,4.00459824197999,0.00368583720727309,0.0418476264965981,-1.96099820156924,FALSE,"D"
"ENST00000323116",0.375477612674809,3.11111360160731,3.98961975101108,0.00376536561416345,0.0425412574070204,-1.98314583471032,FALSE,"D"
"ENST00000329478",0.287674528811164,3.88056772683528,3.98457300461196,0.00379257355758234,0.0427440173666225,-1.99061482039554,FALSE,"D"
"ENST00000427865",0.808475330452215,2.74989549859731,3.97677793701637,0.0038350126248133,0.0430959269547647,-2.00215784742028,FALSE,"D"
"ENST00000338910",-0.410683426012139,3.39469012090899,-3.97172232201536,0.00386280870952109,0.0432376941329819,-2.00964855784538,FALSE,"B"
"ENST00000342505",0.23754417032073,4.94821217977358,3.96962404276613,0.00387440842547264,0.0433225039022716,-2.01275848856886,FALSE,"D"
"ENST00000261893",0.420336971618693,3.80063219266309,3.96897635087813,0.00387799652349403,0.0433363764044935,-2.01371857195656,FALSE,"D"
"ENST00000262056",-0.288818247974356,6.14739007033423,-3.96319954416154,0.0039101567527264,0.0434353261868561,-2.02228406449683,FALSE,"B"
"ENST00000579456",0.329566455000796,5.96390717336929,3.96258619299651,0.0039135880800018,0.0434353261868561,-2.02319376179141,FALSE,"D"
"ENST00000261811",0.771294383603733,3.17899108119288,3.95699251658421,0.0039450303902584,0.0436560888373048,-2.03149235572458,FALSE,"D"
"ENST00000323249",-0.663614908488263,2.49811129408944,-3.95124872309448,0.00397759793996494,0.0438914737415976,-2.04001793309534,FALSE,"B"
"ENST00000264896",0.463216679615719,4.09937817386654,3.94286917814358,0.00402562720391327,0.0442550219902679,-2.05246353581756,FALSE,"D"
"ENST00000437799",-0.619065847035551,3.57185874251848,-3.93822490014455,0.00405251379118544,0.0443207684236223,-2.05936533674473,FALSE,"B"
"ENST00000468404",0.220564511364966,3.80134817119837,3.93704677967262,0.00405936464335891,0.0443694083369146,-2.06111657352841,FALSE,"D"
"ENST00000414002",-0.267323842546037,8.54642026003167,-3.93634476016408,0.00406345282366611,0.0443799978425304,-2.06216018811325,FALSE,"B"
"ENST00000547197",0.704564993742194,5.23095779266758,3.9278186021336,0.00411345751171402,0.0447464502684484,-2.07484020201968,FALSE,"D"
"ENST00000378427",-0.616416144405481,2.86254796082579,-3.92766907492495,0.00411434031629604,0.0447464502684484,-2.07506266164755,FALSE,"B"
"ENST00000379389",0.439940350016268,4.54401839411711,3.92712967804074,0.00411752658465571,0.0447464502684484,-2.07586517537214,FALSE,"D"
"ENST00000523496",-0.414765304002071,2.75405335384451,-3.91973794481408,0.00416145704620883,0.0449267008947726,-2.08686638454208,FALSE,"B"
"ENST00000341255",-0.288681969366234,3.39630101571954,-3.91386877375666,0.0041966954706247,0.0451069312641192,-2.09560658326039,FALSE,"B"
"ENST00000570904",0.48387660674876,3.83761316764553,3.90675368126813,0.00423984261684166,0.045344516063895,-2.10620813568313,FALSE,"D"
"ENST00000000412",0.275393583909752,6.73867947241571,3.89681407927821,0.00430091358270404,0.0458689576258228,-2.12102914210313,FALSE,"D"
"ENST00000504170",0.392477444662648,3.80406803096144,3.87816526814594,0.00441804623669437,0.0465151867649856,-2.14887064970877,FALSE,"D"
"ENST00000255759",0.274285985853036,5.13170715911296,3.87698400532515,0.00442557958426371,0.0465210800936172,-2.15063569497897,FALSE,"D"
"ENST00000423083",0.492683878133249,5.38721194745543,3.87580769438509,0.00443309498586683,0.0465253919527989,-2.15239351746483,FALSE,"D"
"ENST00000409592",0.487387634453544,3.80253494401932,3.85159439005805,0.00459085884308263,0.0475066396312491,-2.18861565136701,FALSE,"D"
"ENST00000291295",0.360483047154102,7.8625666329965,3.84539280672943,0.00463222267119957,0.0477740015268242,-2.19790486238811,FALSE,"D"
"ENST00000188790",0.926749328024859,3.13217392035816,3.83179919959027,0.00472428825083385,0.0485018226062863,-2.21828326880287,FALSE,"D"
"ENST00000367262",0.249821248671318,4.36893149618664,3.83144597127242,0.00472670643490554,0.0485018226062863,-2.2188131068857,FALSE,"D"
"ENST00000369780",-0.278797681495269,3.25479117960917,-3.82543359558346,0.00476807002709067,0.0486923201614753,-2.22783397734978,FALSE,"B"
"ENST00000501122",0.398737895392377,3.04792098173052,3.81937329862316,0.00481015428933379,0.0489797343272979,-2.23693129218002,FALSE,"D"
"ENST00000426263",0.269232385862776,4.88303923238816,3.81391199445269,0.0048484184456409,0.0491560797112979,-2.24513333591585,FALSE,"D"
"ENST00000395319",-0.521102281602357,2.85841938281228,-3.80826579776029,0.00488831951900269,0.0493129031728513,-2.25361693332865,FALSE,"B"
"ENST00000227880",0.382706370263265,3.39565626290754,3.80641541089238,0.00490147206761837,0.0493129031728513,-2.25639805575753,FALSE,"D"
"ENST00000257497",0.529420563551209,6.3882228147175,3.80551892059288,0.00490785788405369,0.0493129031728513,-2.25774562785959,FALSE,"D"
"ENST00000262096",0.431526544781854,2.98863931758476,3.79353752784754,0.00499405956739573,0.0498892498234267,-2.27576510110583,FALSE,"D"
"ENST00000521180",0.345661133874086,4.09875306784244,3.79173752193442,0.0050071487705507,0.0499389375759786,-2.2784737479022,FALSE,"D"
